Date,Open,High,Low,Close,Adj Close,Volume
2018-01-02,10477.549805,10495.200195,10404.650391,10442.200195,10442.200195,153400.0
2018-01-03,10482.650391,10503.599609,10429.549805,10443.200195,10443.200195,167300.0
2018-01-04,10469.400391,10513.0,10441.450195,10504.799805,10504.799805,174900.0
2018-01-05,10534.25,10566.099609,10520.099609,10558.849609,10558.849609,180900.0
2018-01-08,10591.700195,10631.200195,10588.549805,10623.599609,10623.599609,169000.0
2018-01-09,10645.099609,10659.150391,10603.599609,10637.0,10637.0,205000.0
2018-01-10,10652.049805,10655.5,10592.700195,10632.200195,10632.200195,176400.0
2018-01-11,10637.049805,10664.599609,10612.349609,10651.200195,10651.200195,153800.0
2018-01-12,10682.549805,10690.400391,10597.099609,10681.25,10681.25,175200.0
2018-01-15,10718.5,10782.650391,10713.799805,10741.549805,10741.549805,175900.0
2018-01-16,10761.5,10762.349609,10687.849609,10700.450195,10700.450195,211000.0
2018-01-17,10702.450195,10803.0,10666.75,10788.549805,10788.549805,252700.0
2018-01-18,10873.400391,10887.5,10782.400391,10817.0,10817.0,312000.0
2018-01-19,10829.200195,10906.849609,10793.900391,10894.700195,10894.700195,207600.0
2018-01-22,10883.200195,10975.099609,10881.400391,10966.200195,10966.200195,231600.0
2018-01-23,10997.400391,11092.900391,10994.549805,11083.700195,11083.700195,284600.0
2018-01-24,11069.349609,11110.099609,11046.150391,11086.0,11086.0,283400.0
2018-01-25,11095.599609,11095.599609,11009.200195,11069.650391,11069.650391,330300.0
2018-01-29,11079.349609,11171.549805,11075.950195,11130.400391,11130.400391,241700.0
2018-01-30,11120.849609,11121.099609,11033.900391,11049.650391,11049.650391,228000.0
2018-01-31,11018.799805,11058.5,10979.299805,11027.700195,11027.700195,245900.0
2018-02-01,11044.549805,11117.349609,10878.799805,11016.900391,11016.900391,306200.0
2018-02-02,10938.200195,10954.950195,10736.099609,10760.599609,10760.599609,282700.0
2018-02-05,10604.299805,10702.75,10586.799805,10666.549805,10666.549805,240100.0
2018-02-06,10295.150391,10594.150391,10276.299805,10498.25,10498.25,266500.0
2018-02-07,10607.200195,10614.0,10446.400391,10476.700195,10476.700195,250400.0
2018-02-08,10518.5,10637.799805,10479.549805,10576.849609,10576.849609,232200.0
2018-02-09,10416.5,10480.200195,10398.200195,10454.950195,10454.950195,191600.0
2018-02-12,10518.200195,10555.5,10485.400391,10539.75,10539.75,217400.0
2018-02-14,10585.75,10590.549805,10456.650391,10500.900391,10500.900391,229200.0
2018-02-15,10537.900391,10618.099609,10511.049805,10545.5,10545.5,210600.0
2018-02-16,10596.200195,10612.900391,10434.049805,10452.299805,10452.299805,184300.0
2018-02-19,10488.900391,10489.349609,10302.75,10378.400391,10378.400391,187300.0
2018-02-20,10391.0,10429.349609,10347.650391,10360.400391,10360.400391,187700.0
2018-02-21,10426.0,10426.099609,10349.599609,10397.450195,10397.450195,234100.0
2018-02-22,10354.349609,10397.549805,10340.650391,10382.700195,10382.700195,313600.0
2018-02-23,10408.099609,10499.099609,10396.650391,10491.049805,10491.049805,210600.0
2018-02-26,10526.549805,10592.950195,10520.200195,10582.599609,10582.599609,171900.0
2018-02-27,10615.200195,10631.650391,10537.25,10554.299805,10554.299805,187500.0
2018-02-28,10488.950195,10535.5,10461.549805,10492.849609,10492.849609,286000.0
2018-03-01,10479.950195,10525.5,10447.150391,10458.349609,10458.349609,176000.0
2018-03-05,10428.299805,10428.700195,10323.900391,10358.849609,10358.849609,194000.0
2018-03-06,10420.5,10441.349609,10215.900391,10249.25,10249.25,222900.0
2018-03-07,10232.950195,10243.349609,10141.549805,10154.200195,10154.200195,249500.0
2018-03-08,10216.25,10270.349609,10146.400391,10242.650391,10242.650391,226400.0
2018-03-09,10271.299805,10296.700195,10211.900391,10226.849609,10226.849609,186500.0
2018-03-12,10301.599609,10433.650391,10295.450195,10421.400391,10421.400391,216400.0
2018-03-13,10389.5,10478.599609,10377.849609,10426.849609,10426.849609,266700.0
2018-03-14,10393.049805,10420.349609,10336.299805,10410.900391,10410.900391,181400.0
2018-03-15,10405.450195,10420.0,10346.200195,10360.150391,10360.150391,173900.0
2018-03-16,10345.150391,10346.299805,10180.25,10195.150391,10195.150391,328500.0
2018-03-19,10215.349609,10224.549805,10075.299805,10094.25,10094.25,210200.0
2018-03-20,10051.549805,10155.650391,10049.099609,10124.349609,10124.349609,203000.0
2018-03-21,10181.950195,10227.299805,10132.950195,10155.25,10155.25,204800.0
2018-03-22,10167.5,10207.849609,10105.400391,10114.75,10114.75,230500.0
2018-03-23,9968.799805,10027.700195,9951.900391,9998.049805,9998.049805,285700.0
2018-03-26,9989.150391,10143.5,9958.549805,10130.650391,10130.650391,262600.0
2018-03-27,10188.0,10207.900391,10139.650391,10184.150391,10184.150391,225700.0
2018-03-28,10143.599609,10158.349609,10096.900391,10113.700195,10113.700195,344400.0
2018-04-02,10151.650391,10220.099609,10127.75,10211.799805,10211.799805,225400.0
2018-04-03,10186.849609,10255.349609,10171.049805,10245.0,10245.0,205300.0
2018-04-04,10274.599609,10279.849609,10111.299805,10128.400391,10128.400391,231100.0
2018-04-05,10228.450195,10331.799805,10227.450195,10325.150391,10325.150391,236800.0
2018-04-06,10322.75,10350.450195,10290.849609,10331.599609,10331.599609,200200.0
2018-04-09,10333.700195,10397.700195,10328.5,10379.349609,10379.349609,221600.0
2018-04-10,10412.900391,10424.849609,10381.5,10402.25,10402.25,251700.0
2018-04-11,10428.150391,10428.150391,10355.599609,10417.150391,10417.150391,250400.0
2018-04-12,10410.650391,10469.900391,10395.25,10458.650391,10458.650391,238600.0
2018-04-13,10495.299805,10519.900391,10451.450195,10480.599609,10480.599609,213100.0
2018-04-16,10398.299805,10540.150391,10396.349609,10528.349609,10528.349609,195000.0
2018-04-17,10557.299805,10560.450195,10495.650391,10548.700195,10548.700195,206100.0
2018-04-18,10578.900391,10594.200195,10509.700195,10526.200195,10526.200195,205400.0
2018-04-19,10563.650391,10572.200195,10546.200195,10565.299805,10565.299805,262600.0
2018-04-20,10560.349609,10582.349609,10527.450195,10564.049805,10564.049805,244600.0
2018-04-23,10592.799805,10638.349609,10514.950195,10584.700195,10584.700195,194200.0
2018-04-24,10578.099609,10636.799805,10569.0,10614.349609,10614.349609,219200.0
2018-04-25,10612.400391,10612.599609,10536.450195,10570.549805,10570.549805,189200.0
2018-04-26,10586.5,10628.400391,10559.650391,10617.799805,10617.799805,335100.0
2018-04-27,10651.650391,10719.799805,10647.549805,10692.299805,10692.299805,0.0
2018-04-30,10705.75,10759.0,10704.599609,10739.349609,10739.349609,173800.0
2018-05-02,10783.849609,10784.650391,10689.799805,10718.049805,10718.049805,229700.0
2018-05-03,10720.150391,10720.599609,10647.450195,10679.650391,10679.650391,185200.0
2018-05-04,10700.450195,10700.450195,10601.599609,10618.25,10618.25,186500.0
2018-05-07,10653.150391,10725.650391,10635.650391,10715.5,10715.5,168400.0
2018-05-08,10757.900391,10758.549805,10689.400391,10717.799805,10717.799805,269800.0
2018-05-09,10693.349609,10766.25,10689.849609,10741.700195,10741.700195,215400.0
2018-05-10,10779.650391,10785.549805,10705.0,10716.549805,10716.549805,192100.0
2018-05-11,10741.950195,10812.049805,10724.450195,10806.5,10806.5,203100.0
2018-05-14,10815.150391,10834.849609,10774.75,10806.599609,10806.599609,171400.0
2018-05-15,10812.599609,10929.200195,10781.400391,10801.849609,10801.849609,254300.0
2018-05-16,10751.950195,10790.450195,10699.700195,10741.099609,10741.099609,231100.0
2018-05-17,10775.599609,10777.25,10664.5,10682.700195,10682.700195,214100.0
2018-05-18,10671.849609,10674.950195,10589.099609,10596.400391,10596.400391,223000.0
2018-05-21,10616.700195,10621.700195,10505.799805,10516.700195,10516.700195,0.0
2018-05-22,10518.450195,10558.599609,10490.549805,10536.700195,10536.700195,241700.0
2018-05-23,10521.099609,10533.549805,10417.799805,10430.349609,10430.349609,290900.0
2018-05-24,10464.849609,10535.150391,10419.799805,10513.849609,10513.849609,297600.0
2018-05-25,10533.049805,10628.049805,10524.0,10605.150391,10605.150391,260800.0
2018-05-28,10648.349609,10709.799805,10640.549805,10688.650391,10688.650391,232600.0
2018-05-29,10689.400391,10717.25,10616.099609,10633.299805,10633.299805,225800.0
2018-05-30,10579.0,10648.700195,10558.450195,10614.349609,10614.349609,238700.0
2018-05-31,10670.099609,10763.799805,10620.400391,10736.150391,10736.150391,610300.0
2018-06-01,10738.450195,10764.75,10681.5,10696.200195,10696.200195,220600.0
2018-06-04,10765.950195,10770.299805,10618.349609,10628.5,10628.5,203800.0
2018-06-05,10630.700195,10633.150391,10550.900391,10593.150391,10593.150391,167700.0
2018-06-06,10603.450195,10698.349609,10587.5,10684.650391,10684.650391,189900.0
2018-06-07,10722.599609,10818.0,10722.599609,10768.349609,10768.349609,220900.0
2018-06-08,10736.400391,10779.450195,10709.049805,10767.650391,10767.650391,209400.0
2018-06-11,10781.849609,10850.549805,10777.049805,10786.950195,10786.950195,211400.0
2018-06-12,10816.150391,10856.549805,10789.400391,10842.849609,10842.849609,198300.0
2018-06-13,10887.5,10893.25,10842.650391,10856.700195,10856.700195,213400.0
2018-06-14,10832.900391,10833.700195,10773.549805,10808.049805,10808.049805,184300.0
2018-06-15,10808.650391,10834.0,10755.400391,10817.700195,10817.700195,305400.0
2018-06-18,10830.200195,10830.200195,10787.349609,10799.849609,10799.849609,196600.0
2018-06-19,10789.450195,10789.450195,10701.200195,10710.450195,10710.450195,224500.0
2018-06-20,10734.650391,10781.799805,10724.049805,10772.049805,10772.049805,193500.0
2018-06-21,10808.450195,10809.599609,10725.900391,10741.099609,10741.099609,223600.0
2018-06-22,10742.700195,10837.0,10710.450195,10821.849609,10821.849609,229800.0
2018-06-25,10822.900391,10831.049805,10753.049805,10762.450195,10762.450195,229600.0
2018-06-26,10742.700195,10805.25,10732.549805,10769.150391,10769.150391,220000.0
2018-06-27,10785.5,10785.5,10652.400391,10671.400391,10671.400391,246000.0
2018-06-28,10660.799805,10674.200195,10557.700195,10589.099609,10589.099609,352300.0
2018-06-29,10612.849609,10723.049805,10612.349609,10714.299805,10714.299805,242800.0
2018-07-02,10732.349609,10736.150391,10604.650391,10657.299805,10657.299805,295400.0
2018-07-03,10668.599609,10713.299805,10630.25,10699.900391,10699.900391,202100.0
2018-07-04,10715.0,10777.150391,10677.75,10769.900391,10769.900391,173900.0
2018-07-05,10786.049805,10786.049805,10726.25,10749.75,10749.75,220500.0
2018-07-06,10744.150391,10816.349609,10735.049805,10772.650391,10772.650391,0.0
2018-07-09,10838.299805,10860.349609,10807.150391,10852.900391,10852.900391,183600.0
2018-07-10,10902.75,10956.900391,10876.650391,10947.25,10947.25,197000.0
2018-07-11,10956.400391,10976.650391,10923.0,10948.299805,10948.299805,222300.0
2018-07-12,11006.950195,11078.299805,10999.650391,11023.200195,11023.200195,248300.0
2018-07-13,11056.900391,11071.349609,10999.75,11018.900391,11018.900391,0.0
2018-07-16,11018.950195,11019.5,10926.25,10936.849609,10936.849609,210500.0
2018-07-17,10939.650391,11018.5,10925.599609,11008.049805,11008.049805,210600.0
2018-07-18,11060.200195,11076.200195,10956.299805,10980.450195,10980.450195,225500.0
2018-07-19,10999.5,11006.5,10935.450195,10957.099609,10957.099609,215400.0
2018-07-20,10963.5,11030.25,10946.200195,11010.200195,11010.200195,187300.0
2018-07-23,11019.849609,11093.400391,11010.950195,11084.75,11084.75,229100.0
2018-07-24,11109.0,11143.400391,11092.5,11134.299805,11134.299805,205800.0
2018-07-25,11148.400391,11157.150391,11113.25,11132.0,11132.0,205900.0
2018-07-26,11132.950195,11185.849609,11125.700195,11167.299805,11167.299805,365400.0
2018-07-27,11232.75,11283.400391,11210.25,11278.349609,11278.349609,314600.0
2018-07-30,11296.650391,11328.099609,11261.450195,11319.549805,11319.549805,278800.0
2018-07-31,11311.049805,11366.0,11267.75,11356.5,11356.5,256500.0
2018-08-01,11359.799805,11390.549805,11313.549805,11346.200195,11346.200195,269700.0
2018-08-02,11328.900391,11328.900391,11234.950195,11244.700195,11244.700195,210000.0
2018-08-03,11297.799805,11368.0,11294.549805,11360.799805,11360.799805,218300.0
2018-08-06,11401.5,11427.650391,11370.599609,11387.099609,11387.099609,203700.0
2018-08-07,11423.150391,11428.950195,11359.700195,11389.450195,11389.450195,226400.0
2018-08-08,11412.5,11459.950195,11379.299805,11450.0,11450.0,210500.0
2018-08-09,11493.25,11495.200195,11454.099609,11470.700195,11470.700195,302200.0
2018-08-10,11474.950195,11478.75,11419.650391,11429.5,11429.5,0.0
2018-08-13,11369.599609,11406.299805,11340.299805,11355.75,11355.75,246900.0
2018-08-14,11381.700195,11452.450195,11370.799805,11435.099609,11435.099609,232600.0
2018-08-16,11397.150391,11449.849609,11366.25,11385.049805,11385.049805,290600.0
2018-08-17,11437.150391,11486.450195,11431.799805,11470.75,11470.75,234700.0
2018-08-20,11502.099609,11565.299805,11499.650391,11551.75,11551.75,232600.0
2018-08-21,11576.200195,11581.75,11539.599609,11570.900391,11570.900391,224200.0
2018-08-23,11620.700195,11620.700195,11546.700195,11582.75,11582.75,248500.0
2018-08-24,11566.599609,11604.599609,11532.0,11557.099609,11557.099609,218800.0
2018-08-27,11605.849609,11700.950195,11595.599609,11691.950195,11691.950195,199500.0
2018-08-28,11731.950195,11760.200195,11710.5,11738.5,11738.5,241900.0
2018-08-29,11744.950195,11753.200195,11678.849609,11691.900391,11691.900391,251600.0
2018-08-30,11694.75,11698.799805,11639.700195,11676.799805,11676.799805,313800.0
2018-08-31,11675.849609,11727.650391,11640.099609,11680.5,11680.5,346500.0
2018-09-03,11751.799805,11751.799805,11567.400391,11582.349609,11582.349609,234400.0
2018-09-04,11598.75,11602.549805,11496.849609,11520.299805,11520.299805,254800.0
2018-09-05,11514.849609,11542.650391,11393.849609,11476.950195,11476.950195,246100.0
2018-09-06,11514.150391,11562.25,11436.049805,11536.900391,11536.900391,247900.0
2018-09-07,11558.25,11603.0,11484.400391,11589.099609,11589.099609,295900.0
2018-09-10,11570.25,11573.0,11427.299805,11438.099609,11438.099609,286700.0
2018-09-11,11476.849609,11479.400391,11274.0,11287.5,11287.5,0.0
2018-09-12,11340.099609,11380.75,11250.200195,11369.900391,11369.900391,268200.0
2018-09-14,11443.5,11523.25,11430.549805,11515.200195,11515.200195,276600.0
2018-09-17,11464.950195,11464.950195,11366.900391,11377.75,11377.75,201400.0
2018-09-18,11381.549805,11411.450195,11268.950195,11278.900391,11278.900391,240900.0
2018-09-19,11326.650391,11332.049805,11210.900391,11234.349609,11234.349609,250600.0
2018-09-21,11271.299805,11346.799805,10866.450195,11143.099609,11143.099609,719000.0
2018-09-24,11164.400391,11170.150391,10943.599609,10967.400391,10967.400391,0.0
2018-09-25,10969.950195,11080.599609,10882.849609,11067.450195,11067.450195,405000.0
2018-09-26,11145.549805,11145.549805,10993.049805,11053.799805,11053.799805,340500.0
2018-09-27,11079.799805,11089.450195,10953.349609,10977.549805,10977.549805,405700.0
2018-09-28,11008.099609,11034.099609,10850.299805,10930.450195,10930.450195,478100.0
2018-10-01,10930.900391,11035.650391,10821.549805,11008.299805,11008.299805,387000.0
2018-10-03,10982.700195,10989.049805,10843.75,10858.25,10858.25,386800.0
2018-10-04,10754.700195,10754.700195,10547.25,10599.25,10599.25,425100.0
2018-10-05,10514.099609,10540.650391,10261.900391,10316.450195,10316.450195,606400.0
2018-10-08,10310.150391,10398.349609,10198.400391,10348.049805,10348.049805,456200.0
2018-10-09,10390.299805,10397.599609,10279.349609,10301.049805,10301.049805,430500.0
2018-10-10,10331.849609,10482.349609,10318.25,10460.099609,10460.099609,0.0
2018-10-11,10169.799805,10335.950195,10138.599609,10234.650391,10234.650391,483500.0
2018-10-12,10331.549805,10492.450195,10322.150391,10472.5,10472.5,343500.0
2018-10-15,10524.200195,10526.299805,10410.150391,10512.5,10512.5,259500.0
2018-10-16,10550.150391,10604.900391,10525.299805,10584.75,10584.75,265200.0
2018-10-17,10688.700195,10710.150391,10436.450195,10453.049805,10453.049805,284800.0
2018-10-19,10339.700195,10380.099609,10249.599609,10303.549805,10303.549805,357500.0
2018-10-22,10405.849609,10408.549805,10224.0,10245.25,10245.25,297300.0
2018-10-23,10152.599609,10222.099609,10102.349609,10146.799805,10146.799805,302600.0
2018-10-24,10278.150391,10290.650391,10126.700195,10224.75,10224.75,351400.0
2018-10-25,10135.049805,10166.599609,10079.299805,10124.900391,10124.900391,0.0
2018-10-26,10122.349609,10128.849609,10004.549805,10030.0,10030.0,364300.0
2018-10-29,10078.099609,10275.299805,10020.349609,10250.849609,10250.849609,364400.0
2018-10-30,10239.400391,10285.099609,10175.349609,10198.400391,10198.400391,289800.0
2018-10-31,10209.549805,10396.0,10105.099609,10386.599609,10386.599609,375000.0
2018-11-01,10441.700195,10441.900391,10341.900391,10380.450195,10380.450195,348500.0
2018-11-02,10462.299805,10606.950195,10457.700195,10553.0,10553.0,421200.0
2018-11-05,10558.75,10558.799805,10477.0,10524.0,10524.0,301900.0
2018-11-06,10552.0,10600.25,10491.450195,10530.0,10530.0,0.0
2018-11-07,10614.450195,10616.450195,10582.299805,10598.400391,10598.400391,31200.0
2018-11-09,10614.700195,10619.549805,10544.849609,10585.200195,10585.200195,296600.0
2018-11-12,10607.799805,10645.5,10464.049805,10482.200195,10482.200195,259700.0
2018-11-13,10451.900391,10596.25,10440.549805,10582.5,10582.5,254600.0
2018-11-14,10634.900391,10651.599609,10532.700195,10576.299805,10576.299805,384500.0
2018-11-15,10580.599609,10646.5,10557.5,10616.700195,10616.700195,0.0
2018-11-16,10644.0,10695.150391,10631.150391,10682.200195,10682.200195,342800.0
2018-11-19,10731.25,10774.700195,10688.799805,10763.400391,10763.400391,272100.0
2018-11-20,10740.099609,10740.849609,10640.849609,10656.200195,10656.200195,295200.0
2018-11-21,10670.950195,10671.299805,10562.349609,10600.049805,10600.049805,300900.0
2018-11-22,10612.650391,10646.25,10512.0,10526.75,10526.75,239500.0
2018-11-26,10568.299805,10637.799805,10489.75,10628.599609,10628.599609,0.0
2018-11-27,10621.450195,10695.150391,10596.349609,10685.599609,10685.599609,0.0
2018-11-28,10708.75,10757.799805,10699.849609,10728.849609,10728.849609,424500.0
2018-11-29,10808.700195,10883.049805,10782.349609,10858.700195,10858.700195,691300.0
2018-11-30,10892.099609,10922.450195,10835.099609,10876.75,10876.75,453900.0
2018-12-03,10930.700195,10941.200195,10845.349609,10883.75,10883.75,409700.0
2018-12-04,10877.099609,10890.950195,10833.349609,10869.5,10869.5,322100.0
2018-12-05,10820.450195,10821.049805,10747.950195,10782.900391,10782.900391,312300.0
2018-12-06,10718.150391,10722.650391,10588.25,10601.150391,10601.150391,318500.0
2018-12-07,10644.799805,10704.549805,10599.349609,10693.700195,10693.700195,325800.0
2018-12-10,10508.700195,10558.849609,10474.950195,10488.450195,10488.450195,381300.0
2018-12-11,10350.049805,10567.150391,10333.849609,10549.150391,10549.150391,425500.0
2018-12-12,10591.0,10752.200195,10560.799805,10737.599609,10737.599609,360500.0
2018-12-13,10810.75,10838.599609,10749.5,10791.549805,10791.549805,376200.0
2018-12-14,10784.5,10815.75,10752.099609,10805.450195,10805.450195,340100.0
2018-12-17,10853.200195,10900.349609,10844.849609,10888.349609,10888.349609,296900.0
2018-12-18,10850.900391,10915.400391,10819.099609,10908.700195,10908.700195,286100.0
2018-12-19,10930.549805,10985.150391,10928.0,10967.299805,10967.299805,312100.0
2018-12-20,10885.200195,10962.549805,10880.049805,10951.700195,10951.700195,318900.0
2018-12-21,10944.25,10963.650391,10738.650391,10754.0,10754.0,377500.0
2018-12-24,10780.900391,10782.299805,10649.25,10663.5,10663.5,223400.0
2018-12-26,10635.450195,10747.5,10534.549805,10729.849609,10729.849609,263700.0
2018-12-27,10817.900391,10834.200195,10764.450195,10779.799805,10779.799805,456100.0
2018-12-28,10820.950195,10893.599609,10817.150391,10859.900391,10859.900391,245500.0
2020-01-02,41340.269531,41649.289063,41328.449219,41626.640625,41626.640625,5300.0
2020-01-03,41634.511719,41636.179688,41348.679688,41464.609375,41464.609375,8900.0
2020-01-06,41378.339844,41378.339844,40613.960938,40676.628906,40676.628906,8700.0
2020-01-07,40983.039063,41230.140625,40727.371094,40869.46875,40869.46875,11900.0
2020-01-08,40574.828125,40866.359375,40476.550781,40817.738281,40817.738281,18200.0
2020-01-09,41216.671875,41482.121094,41175.71875,41452.351563,41452.351563,7800.0
2020-01-10,41568.199219,41775.109375,41447.800781,41599.71875,41599.71875,13200.0
2020-01-13,41788.210938,41899.628906,41720.761719,41859.691406,41859.691406,10600.0
2020-01-14,41883.089844,41994.261719,41770.898438,41952.628906,41952.628906,14100.0
2020-01-15,41969.859375,41969.859375,41648.109375,41872.730469,41872.730469,6100.0
2020-01-16,41924.738281,42059.449219,41812.28125,41932.558594,41932.558594,6600.0
2020-01-17,41929.019531,42063.929688,41850.289063,41945.371094,41945.371094,9500.0
2020-01-20,42263.0,42273.871094,41503.371094,41528.910156,41528.910156,7500.0
2020-01-21,41487.570313,41532.589844,41294.300781,41323.808594,41323.808594,8900.0
2020-01-22,41467.128906,41532.289063,41059.039063,41115.378906,41115.378906,7700.0
2020-01-23,41191.5,41413.960938,41098.910156,41386.398438,41386.398438,9900.0
2020-01-24,41377.039063,41697.03125,41275.601563,41613.191406,41613.191406,6600.0
2020-01-27,41510.679688,41516.269531,41122.480469,41155.121094,41155.121094,7000.0
2020-01-28,41299.679688,41333.25,40869.75,40966.859375,40966.859375,9800.0
2020-01-29,41131.570313,41334.859375,41108.191406,41198.660156,41198.660156,7800.0
2020-01-30,41380.140625,41380.140625,40829.910156,40913.820313,40913.820313,6700.0
2020-01-31,41146.558594,41154.488281,40671.011719,40723.488281,40723.488281,11500.0
2020-02-03,39701.019531,40014.898438,39563.070313,39872.308594,39872.308594,10600.0
2020-02-04,40178.738281,40818.941406,40117.460938,40789.378906,40789.378906,15300.0
2020-02-05,40921.710938,41177.0,40703.320313,41142.660156,41142.660156,13900.0
2020-02-06,41209.128906,41405.429688,41113.109375,41306.03125,41306.03125,15000.0
2020-02-07,41394.410156,41394.410156,41073.359375,41141.851563,41141.851563,15300.0
2020-02-10,41166.71875,41172.058594,40798.980469,40979.621094,40979.621094,15200.0
2020-02-11,41183.390625,41444.339844,41179.140625,41216.140625,41216.140625,7700.0
2020-02-12,41330.851563,41671.859375,41330.851563,41565.898438,41565.898438,9600.0
2020-02-13,41707.210938,41709.300781,41338.308594,41459.789063,41459.789063,9100.0
2020-02-14,41510.191406,41702.359375,41183.128906,41257.738281,41257.738281,9800.0
2020-02-17,41324.039063,41420.339844,41030.578125,41055.691406,41055.691406,6900.0
2020-02-18,41042.460938,41042.460938,40610.949219,40894.378906,40894.378906,12300.0
2020-02-19,41121.511719,41357.160156,41048.929688,41323.0,41323.0,5600.0
2020-02-20,41334.960938,41399.929688,41134.308594,41170.121094,41170.121094,8400.0
2020-02-24,41037.011719,41037.011719,40306.359375,40363.230469,40363.230469,8100.0
2020-02-25,40497.71875,40536.0,40220.589844,40281.199219,40281.199219,7300.0
2020-02-26,40194.890625,40255.390625,39760.390625,39888.960938,39888.960938,9000.0
2020-02-27,39947.800781,39947.800781,39423.269531,39745.660156,39745.660156,9600.0
2020-02-28,39087.46875,39087.46875,38219.96875,38297.289063,38297.289063,12700.0
2019-03-01,36018.488281,36140.671875,35952.410156,36063.808594,36063.808594,16700.0
2019-03-05,36141.070313,36457.441406,35926.941406,36442.539063,36442.539063,21200.0
2019-03-06,36544.859375,36666.46875,36456.820313,36636.101563,36636.101563,15900.0
2019-03-07,36744.019531,36830.25,36590.878906,36725.421875,36725.421875,16800.0
2019-03-08,36753.589844,36753.589844,36592.929688,36671.429688,36671.429688,14600.0
2019-03-11,36741.570313,37106.191406,36726.390625,37054.101563,37054.101563,14400.0
2019-03-12,37249.648438,37586.628906,37230.851563,37535.660156,37535.660156,19500.0
2019-03-13,37608.289063,37797.289063,37478.871094,37752.171875,37752.171875,21000.0
2019-03-14,37840.640625,37907.78125,37693.691406,37754.890625,37754.890625,15600.0
2019-03-15,37760.230469,38254.769531,37760.230469,38024.320313,38024.320313,16300.0
2019-03-18,38132.960938,38369.589844,37952.101563,38095.070313,38095.070313,15900.0
2019-03-19,38218.589844,38396.058594,38078.230469,38363.46875,38363.46875,15100.0
2019-03-20,38433.859375,38489.808594,38316.210938,38386.75,38386.75,15600.0
2019-03-22,38452.46875,38564.710938,38089.359375,38164.609375,38164.609375,18200.0
2019-03-25,38016.761719,38016.761719,37667.398438,37808.910156,37808.910156,17000.0
2019-03-26,37886.289063,38297.699219,37800.078125,38233.410156,38233.410156,14600.0
2019-03-27,38372.03125,38475.929688,38001.339844,38132.878906,38132.878906,18800.0
2019-03-28,38208.300781,38593.648438,38148.441406,38545.71875,38545.71875,16000.0
2019-04-01,38858.878906,39115.570313,38808.738281,38871.871094,38871.871094,19800.0
2019-04-02,38988.570313,39121.691406,38846.960938,39056.648438,39056.648438,19700.0
2019-04-03,39167.050781,39270.140625,38826.558594,38877.121094,38877.121094,17000.0
2019-04-04,38935.75,38939.351563,38581.039063,38684.71875,38684.71875,13000.0
2019-04-05,38839.519531,38958.601563,38701.039063,38862.230469,38862.230469,15900.0
2019-04-08,38993.601563,39041.25,38520.960938,38700.53125,38700.53125,10500.0
2019-04-09,38730.929688,38978.988281,38598.71875,38939.21875,38939.21875,15100.0
2019-04-10,38898.601563,38950.449219,38542.28125,38585.351563,38585.351563,16200.0
2019-04-11,38621.578125,38649.980469,38460.25,38607.011719,38607.011719,14500.0
2019-04-12,38692.058594,38818.871094,38554.789063,38767.109375,38767.109375,17000.0
2019-04-15,38805.539063,38976.578125,38780.078125,38905.839844,38905.839844,20900.0
2019-04-16,39040.300781,39364.339844,39038.808594,39275.640625,39275.640625,14400.0
2019-04-18,39420.039063,39487.449219,39083.160156,39140.28125,39140.28125,14600.0
2019-04-22,39158.21875,39158.21875,38585.648438,38645.179688,38645.179688,14900.0
2019-04-23,38771.269531,38832.609375,38518.261719,38564.878906,38564.878906,11600.0
2019-04-24,38672.628906,39095.351563,38571.0,39054.679688,39054.679688,15200.0
2019-04-25,39101.78125,39262.21875,38663.980469,38730.859375,38730.859375,14400.0
2019-04-26,38865.828125,39103.160156,38765.328125,39067.328125,39067.328125,17300.0
2019-04-30,39056.921875,39105.878906,38753.460938,39031.550781,39031.550781,30900.0
2019-05-02,39036.511719,39189.949219,38882.988281,38981.429688,38981.429688,26200.0
2019-05-03,39009.550781,39172.761719,38920.171875,38963.261719,38963.261719,14800.0
2019-05-06,38719.328125,38719.328125,38509.789063,38600.339844,38600.339844,13400.0
2019-05-07,38815.460938,38835.539063,38236.179688,38276.628906,38276.628906,15600.0
2019-05-08,38244.179688,38248.570313,37743.070313,37789.128906,37789.128906,13100.0
2019-05-09,37747.910156,37780.460938,37405.398438,37558.910156,37558.910156,15300.0
2019-05-10,37632.359375,37721.980469,37370.390625,37462.988281,37462.988281,19700.0
2019-05-13,37491.300781,37583.570313,36999.839844,37090.820313,37090.820313,17800.0
2019-05-14,37146.578125,37572.699219,36956.101563,37318.53125,37318.53125,17700.0
2019-05-15,37539.050781,37559.671875,37047.871094,37114.878906,37114.878906,19400.0
2019-05-16,37179.128906,37518.941406,37052.300781,37393.480469,37393.480469,15700.0
2019-05-17,37494.421875,38001.128906,37415.359375,37930.769531,37930.769531,18800.0
2019-05-20,38701.179688,39412.558594,38570.039063,39352.671875,39352.671875,26400.0
2019-05-21,39449.449219,39571.730469,38884.851563,38969.800781,38969.800781,22700.0
2019-05-22,39086.210938,39249.078125,38903.871094,39110.210938,39110.210938,15600.0
2019-05-23,39591.769531,40124.960938,38651.609375,38811.390625,38811.390625,28100.0
2019-05-24,39076.28125,39476.96875,38824.261719,39434.71875,39434.71875,17100.0
2019-05-27,39536.230469,39821.941406,39353.160156,39683.289063,39683.289063,16000.0
2019-05-28,39765.640625,39828.648438,39498.648438,39749.730469,39749.730469,15300.0
2019-05-29,39714.269531,39767.929688,39420.5,39502.050781,39502.050781,12800.0
2019-05-30,39580.28125,39911.921875,39500.558594,39831.96875,39831.96875,17500.0
2019-05-31,39998.910156,40122.339844,39374.238281,39714.199219,39714.199219,17100.0
2019-06-03,39806.859375,40308.898438,39711.019531,40267.621094,40267.621094,34600.0
2019-06-04,40196.0,40312.070313,40031.050781,40083.539063,40083.539063,11900.0
2019-06-06,40136.429688,40159.261719,39481.148438,39529.71875,39529.71875,18700.0
2019-06-07,39581.769531,39703.101563,39279.46875,39615.898438,39615.898438,14800.0
2019-06-10,39787.328125,39979.480469,39619.96875,39784.519531,39784.519531,16200.0
2019-06-11,39900.449219,40066.308594,39760.019531,39950.460938,39950.460938,14200.0
2019-06-12,39974.179688,39982.101563,39623.53125,39756.808594,39756.808594,11700.0
2019-06-13,39679.351563,39800.808594,39461.269531,39741.359375,39741.359375,21800.0
2019-06-14,39797.0,39799.898438,39363.449219,39452.070313,39452.070313,20600.0
2019-06-17,39514.359375,39540.421875,38911.488281,38960.789063,38960.789063,12700.0
2019-06-18,39056.980469,39167.828125,38870.960938,39046.339844,39046.339844,17800.0
2019-06-19,39176.558594,39435.800781,38881.050781,39112.738281,39112.738281,18500.0
2019-06-20,39042.960938,39638.640625,38933.78125,39601.628906,39601.628906,20100.0
2019-06-21,39608.25,39617.949219,39121.300781,39194.488281,39194.488281,15600.0
2019-06-24,39160.230469,39300.019531,39021.699219,39122.960938,39122.960938,11600.0
2019-06-25,39131.941406,39490.640625,38946.039063,39434.941406,39434.941406,11300.0
2019-06-26,39379.128906,39674.21875,39319.640625,39592.078125,39592.078125,15000.0
2019-06-27,39633.96875,39817.21875,39510.441406,39586.410156,39586.410156,13200.0
2019-06-28,39630.519531,39675.25,39361.921875,39394.640625,39394.640625,11200.0
2019-07-01,39543.730469,39764.820313,39541.089844,39686.5,39686.5,10800.0
2019-07-02,39811.679688,39838.488281,39499.191406,39816.480469,39816.480469,14800.0
2019-07-03,39907.570313,39934.988281,39732.378906,39839.25,39839.25,13800.0
2019-07-04,39917.648438,39979.101563,39858.328125,39908.058594,39908.058594,14500.0
2019-07-05,39990.398438,40032.410156,39441.378906,39513.390625,39513.390625,26000.0
2019-07-08,39476.378906,39476.378906,38605.480469,38720.570313,38720.570313,22000.0
2019-07-09,38754.46875,38814.230469,38435.871094,38730.820313,38730.820313,18800.0
2019-07-10,38701.988281,38854.851563,38474.660156,38557.039063,38557.039063,14900.0
2019-07-11,38751.621094,38892.5,38631.308594,38823.109375,38823.109375,14600.0
2019-07-12,38941.101563,39021.839844,38684.851563,38736.230469,38736.230469,12900.0
2019-07-15,39009.949219,39023.96875,38696.601563,38896.710938,38896.710938,18000.0
2019-07-16,38961.859375,39173.890625,38845.269531,39131.039063,39131.039063,25100.0
2019-07-17,39171.101563,39284.730469,39081.140625,39215.640625,39215.640625,23400.0
2019-07-18,39204.46875,39204.46875,38861.25,38897.460938,38897.460938,24100.0
2019-07-19,39058.730469,39058.730469,38271.351563,38337.011719,38337.011719,19200.0
2019-07-22,38333.519531,38333.519531,37890.320313,38031.128906,38031.128906,23000.0
2019-07-23,38138.558594,38217.808594,37898.898438,37982.738281,37982.738281,19300.0
2019-07-24,37990.230469,38102.839844,37708.410156,37847.648438,37847.648438,16600.0
2019-07-25,37935.019531,38169.871094,37775.511719,37830.980469,37830.980469,18000.0
2019-07-26,37831.179688,37978.070313,37690.46875,37882.789063,37882.789063,24100.0
2019-07-29,38043.21875,38043.21875,37519.160156,37686.371094,37686.371094,21100.0
2019-07-30,37735.539063,37950.210938,37359.03125,37397.238281,37397.238281,22800.0
2019-07-31,37257.550781,37576.371094,37128.261719,37481.121094,37481.121094,27200.0
2019-08-01,37387.179688,37387.179688,36694.179688,37018.320313,37018.320313,21000.0
2019-08-02,36920.109375,37375.160156,36607.410156,37118.21875,37118.21875,28100.0
2019-08-05,36842.171875,36844.050781,36416.789063,36699.839844,36699.839844,25900.0
2019-08-06,36568.03125,37241.769531,36536.589844,36976.851563,36976.851563,25400.0
2019-08-07,37025.269531,37104.789063,36610.570313,36690.5,36690.5,25300.0
2019-08-08,36808.011719,37405.480469,36655.410156,37327.359375,37327.359375,24100.0
2019-08-09,37521.300781,37807.550781,37406.261719,37581.910156,37581.910156,27400.0
2019-08-13,37755.160156,37755.160156,36888.488281,36958.160156,36958.160156,28600.0
2019-08-14,37233.5,37473.609375,37000.769531,37311.53125,37311.53125,22500.0
2019-08-16,37383.0,37444.449219,36974.410156,37350.328125,37350.328125,26100.0
2019-08-19,37485.921875,37718.878906,37358.488281,37402.488281,37402.488281,17700.0
2019-08-20,37441.75,37511.550781,37219.898438,37328.011719,37328.011719,20900.0
2019-08-21,37298.730469,37406.550781,37022.519531,37060.371094,37060.371094,28500.0
2019-08-22,37087.578125,37087.578125,36391.351563,36472.929688,36472.929688,33100.0
2019-08-23,36387.679688,36807.339844,36102.351563,36701.160156,36701.160156,38400.0
2019-08-26,37363.949219,37544.480469,36492.648438,37494.121094,37494.121094,35600.0
2019-08-27,37658.480469,37731.511719,37449.691406,37641.269531,37641.269531,36500.0
2019-08-28,37655.769531,37687.820313,37249.191406,37451.839844,37451.839844,28600.0
2019-08-29,37381.800781,37381.800781,36987.351563,37068.929688,37068.929688,31700.0
2019-08-30,37222.261719,37397.96875,36829.808594,37332.789063,37332.789063,33400.0
2019-09-03,37181.761719,37188.378906,36466.011719,36562.910156,36562.910156,23600.0
2019-09-04,36575.238281,36776.308594,36409.539063,36724.738281,36724.738281,25600.0
2019-09-05,36821.710938,36898.988281,36541.878906,36644.421875,36644.421875,27400.0
2019-09-06,36785.589844,37012.980469,36727.660156,36981.769531,36981.769531,23000.0
2019-09-09,36969.480469,37244.078125,36784.46875,37145.449219,37145.449219,25300.0
2019-09-11,37251.03125,37343.460938,37193.570313,37270.820313,37270.820313,36700.0
2019-09-12,37330.46875,37435.148438,37048.671875,37104.28125,37104.28125,27500.0
2019-09-13,37175.859375,37413.5,37000.089844,37384.988281,37384.988281,34300.0
2019-09-16,37204.558594,37302.058594,37028.941406,37123.308594,37123.308594,19900.0
2019-09-17,37169.460938,37169.558594,36419.089844,36481.089844,36481.089844,20500.0
2019-09-18,36621.378906,36712.988281,36465.921875,36563.878906,36563.878906,25400.0
2019-09-19,36613.929688,36613.929688,35987.800781,36093.46875,36093.46875,31700.0
2019-09-20,36214.921875,38378.019531,36085.738281,38014.621094,38014.621094,61000.0
2019-09-23,38844.0,39441.121094,38674.039063,39090.03125,39090.03125,2800.0
2019-09-24,39135.28125,39306.371094,38913.058594,39097.140625,39097.140625,30600.0
2019-09-25,39087.199219,39087.199219,38510.96875,38593.519531,38593.519531,28800.0
2019-09-26,38700.480469,39158.070313,38676.109375,38989.738281,38989.738281,33200.0
2019-09-27,39003.128906,39107.371094,38782.601563,38822.570313,38822.570313,39200.0
2019-09-30,38873.121094,38873.121094,38401.089844,38667.328125,38667.328125,49000.0
2019-10-01,38813.480469,38923.78125,37929.890625,38305.410156,38305.410156,75400.0
2019-10-03,38137.871094,38310.929688,37957.558594,38106.871094,38106.871094,59200.0
2019-10-04,38401.488281,38403.539063,37633.359375,37673.308594,37673.308594,52900.0
2019-10-07,37853.800781,37919.46875,37480.53125,37531.980469,37531.980469,40400.0
2019-10-09,37628.050781,38209.839844,37415.828125,38177.949219,38177.949219,36400.0
2019-10-10,38130.230469,38130.230469,37802.929688,37880.398438,37880.398438,27300.0
2019-10-11,37994.480469,38345.410156,37737.851563,38127.078125,38127.078125,39400.0
2019-10-14,38208.238281,38513.691406,38066.128906,38214.46875,38214.46875,28500.0
2019-10-15,38316.488281,38635.191406,38238.269531,38506.089844,38506.089844,26200.0
2019-10-16,38637.050781,38666.378906,38416.671875,38598.988281,38598.988281,27500.0
2019-10-17,38647.441406,39104.691406,38557.429688,39052.058594,39052.058594,47100.0
2019-10-18,39087.828125,39361.058594,38963.601563,39298.378906,39298.378906,42400.0
2019-10-22,39233.398438,39426.46875,38924.851563,38963.839844,38963.839844,54500.0
2019-10-23,39063.839844,39196.671875,38866.078125,39058.828125,39058.828125,41000.0
2019-10-24,39223.011719,39327.148438,38840.761719,39020.390625,39020.390625,36600.0
2019-10-25,39201.671875,39241.609375,38718.269531,39058.058594,39058.058594,48600.0
2019-10-27,,,,,,
2019-10-29,39293.488281,39917.011719,39254.121094,39831.839844,39831.839844,50500.0
2019-10-30,40055.628906,40178.121094,39805.109375,40051.871094,40051.871094,37200.0
2019-10-31,40211.988281,40392.21875,40054.890625,40129.050781,40129.050781,87900.0
2019-11-01,40196.070313,40283.300781,40014.230469,40165.03125,40165.03125,57000.0
2019-11-04,40293.851563,40483.210938,40186.289063,40301.960938,40301.960938,62600.0
2019-11-05,40445.671875,40466.550781,40053.550781,40248.230469,40248.230469,45400.0
2019-11-06,40311.851563,40606.910156,40037.53125,40469.78125,40469.78125,37700.0
2019-11-07,40625.640625,40688.269531,40421.070313,40653.738281,40653.738281,30200.0
2019-11-08,40630.558594,40749.328125,40263.941406,40323.609375,40323.609375,42600.0
2019-11-11,40316.5,40417.441406,40150.96875,40345.078125,40345.078125,29500.0
2019-11-13,40346.429688,40447.171875,40061.230469,40116.058594,40116.058594,37700.0
2019-11-14,40178.929688,40348.609375,40026.988281,40286.480469,40286.480469,27800.0
2019-11-15,40408.199219,40650.058594,40308.089844,40356.691406,40356.691406,25800.0
2019-11-18,40431.078125,40542.398438,40221.96875,40284.191406,40284.191406,28700.0
2019-11-19,40455.359375,40544.128906,40290.210938,40469.699219,40469.699219,39100.0
2019-11-20,40729.800781,40816.378906,40575.960938,40651.640625,40651.640625,32300.0
2019-11-21,40737.308594,40744.851563,40534.121094,40575.171875,40575.171875,21800.0
2019-11-22,40653.171875,40653.171875,40276.828125,40359.410156,40359.410156,21700.0
2019-11-25,40439.660156,40931.710938,40393.898438,40889.230469,40889.230469,28600.0
2019-11-26,41022.851563,41120.28125,40710.199219,40821.300781,40821.300781,32800.0
2019-11-27,40979.390625,41075.761719,40848.699219,41020.609375,41020.609375,32400.0
2019-11-28,41161.539063,41163.789063,40996.078125,41130.171875,41130.171875,30900.0
2019-11-29,41138.261719,41143.21875,40664.179688,40793.808594,40793.808594,46700.0
2019-12-02,41072.941406,41093.988281,40707.628906,40802.171875,40802.171875,39800.0
2019-12-03,40852.609375,40885.03125,40554.039063,40675.449219,40675.449219,33700.0
2019-12-04,40606.011719,40886.871094,40475.828125,40850.289063,40850.289063,44500.0
2019-12-05,40988.140625,41002.410156,40720.171875,40779.589844,40779.589844,33000.0
2019-12-06,40952.128906,40952.128906,40337.53125,40445.148438,40445.148438,33100.0
2019-12-09,40527.238281,40645.628906,40336.558594,40487.429688,40487.429688,32600.0
2019-12-10,40588.808594,40588.808594,40208.699219,40239.878906,40239.878906,31400.0
2019-12-11,40285.199219,40466.128906,40135.371094,40412.570313,40412.570313,55500.0
2019-12-12,40561.339844,40712.648438,40490.691406,40581.710938,40581.710938,41300.0
2019-12-13,40754.820313,41055.800781,40736.699219,41009.710938,41009.710938,27900.0
2019-12-16,41168.851563,41185.03125,40917.929688,40938.71875,40938.71875,21600.0
2019-12-17,41052.359375,41401.648438,41005.179688,41352.171875,41352.171875,19000.0
2019-12-18,41442.75,41614.769531,41358.46875,41558.570313,41558.570313,24300.0
2019-12-19,41571.820313,41719.289063,41456.398438,41673.921875,41673.921875,33300.0
2019-12-20,41746.199219,41809.960938,41636.109375,41681.539063,41681.539063,33600.0
2019-12-23,41548.261719,41701.621094,41474.609375,41642.660156,41642.660156,6200.0
2019-12-24,41684.511719,41702.980469,41423.070313,41461.261719,41461.261719,4400.0
2019-12-26,41543.800781,41543.800781,41132.890625,41163.761719,41163.761719,5600.0
2019-12-27,41297.078125,41611.269531,41264.921875,41575.140625,41575.140625,6100.0
2019-12-30,41686.269531,41714.730469,41453.378906,41558.0,41558.0,5700.0
